tambon_id,tambon_name,burn_pct,no_burn_pct,access_gap_index,plot_count,burn_status,measure_group,measure
600807,ต.ทำนบ,31.404784413070086,68.59521558692991,0.4881937733539781,3819,Burn,Burn + Access Gap ต่ำ,ลดการเผา + สื่อสาร/ติดตาม + ตรวจสอบซ้ำพื้นที่เสี่ยง
600803,ต.หัวถนน,16.641672590782072,83.35832740921794,0.511080316826717,8002,Burn,Burn + Access Gap ต่ำ,ลดการเผา + สื่อสาร/ติดตาม + ตรวจสอบซ้ำพื้นที่เสี่ยง
600806,ต.ดอนคา,64.27301930715763,35.726980692842375,0.6000149223848266,9729,Burn,Burn + Access Gap สูง,ช่วยเหลือด้านโลจิสติกส์/เครื่องจักร + ทางเลือกจัดการเศษวัสดุ
600804,ต.สายลำโพง,19.279748203977896,80.7202517960221,0.7809513761109417,4072,Burn,Burn + Access Gap สูง,ช่วยเหลือด้านโลจิสติกส์/เครื่องจักร + ทางเลือกจัดการเศษวัสดุ
600801,ต.ท่าตะโก,3.257799927558106,96.74220007244189,0.5369765944819066,1376,No Burn,No Burn,ติดตามพื้นที่ที่ไม่เข้าเกณฑ์ตรวจพบ + ตรวจหลักฐานการจัดการแปลง
600809,ต.พนมเศษ,0.9858746175989912,99.014125382401,0.43883453818742485,1618,No Burn,No Burn,ติดตามพื้นที่ที่ไม่เข้าเกณฑ์ตรวจพบ + ตรวจหลักฐานการจัดการแปลง
600805,ต.วังมหากร,1.495057500257784,98.50494249974221,0.7905271191971358,2751,No Burn,No Burn,ติดตามพื้นที่ที่ไม่เข้าเกณฑ์ตรวจพบ + ตรวจหลักฐานการจัดการแปลง
600808,ต.วังใหญ่,2.338735868200893,97.6612641317991,0.6338647232708586,2716,No Burn,No Burn,ติดตามพื้นที่ที่ไม่เข้าเกณฑ์ตรวจพบ + ตรวจหลักฐานการจัดการแปลง
600802,ต.พนมรอก,8.28048246583466,91.71951753416533,0.6967424162180853,4011,ข้อมูลไม่เพียงพอ,ข้อมูลไม่เพียงพอ,รอข้อมูลเพิ่มเติม — ยังไม่กำหนดมาตรการ
600810,ต.หนองหลวง,27.344319040542448,72.65568095945756,0.7176570775059564,9217,ข้อมูลไม่เพียงพอ,ข้อมูลไม่เพียงพอ,รอข้อมูลเพิ่มเติม — ยังไม่กำหนดมาตรการ
