tambon_id,tambon_name,burn_pct (%),no_burn_pct (%),valid_observation_pct (%)
600810,ต.หนองหลวง,22.760164036334853,77.23983596366512,80.38706877992631
600804,ต.สายลำโพง,17.610369091839843,82.38963090816013,90.5178480599614
600808,ต.วังใหญ่,1.9423273103012062,98.05767268969876,86.07815289271494
600809,ต.พนมเศษ,0.935306583821651,99.06469341617836,91.20268239996132
600806,ต.ดอนคา,58.6271691511962,41.3728308488038,92.2483394830538
600802,ต.พนมรอก,8.881466473419675,91.11853352658032,54.79724785508368
600805,ต.วังมหากร,1.2948474434099706,98.70515255659002,99.78677669090563
600801,ต.ท่าตะโก,3.0206353332131837,96.97936466678682,94.21122759447506
600803,ต.หัวถนน,13.973977437182114,86.02602256281786,97.51575990543023
600807,ต.ทำนบ,26.45213042253894,73.54786957746104,99.99981969975704
